-- phpMyAdmin SQL Dump
-- version 4.8.2
-- https://www.phpmyadmin.net/
--
-- Host: 127.0.0.1
-- Generation Time: Aug 13, 2018 at 05:15 PM
-- Server version: 10.1.34-MariaDB
-- PHP Version: 7.2.7

SET SQL_MODE = "NO_AUTO_VALUE_ON_ZERO";
SET AUTOCOMMIT = 0;
START TRANSACTION;
SET time_zone = "+00:00";


/*!40101 SET @OLD_CHARACTER_SET_CLIENT=@@CHARACTER_SET_CLIENT */;
/*!40101 SET @OLD_CHARACTER_SET_RESULTS=@@CHARACTER_SET_RESULTS */;
/*!40101 SET @OLD_COLLATION_CONNECTION=@@COLLATION_CONNECTION */;
/*!40101 SET NAMES utf8mb4 */;

--
-- Database: `xicia_consultine`
--

-- --------------------------------------------------------

--
-- Table structure for table `tbl_category`
--

CREATE TABLE `tbl_category` (
  `category_id` int(11) NOT NULL,
  `category_name` varchar(255) NOT NULL,
  `category_slug` varchar(255) NOT NULL,
  `meta_title` varchar(255) NOT NULL,
  `meta_keyword` text NOT NULL,
  `meta_description` text NOT NULL
) ENGINE=InnoDB DEFAULT CHARSET=latin1;

--
-- Dumping data for table `tbl_category`
--

INSERT INTO `tbl_category` (`category_id`, `category_name`, `category_slug`, `meta_title`, `meta_keyword`, `meta_description`) VALUES
(1, 'Commercial', 'commercial', 'Commercial', '', ''),
(2, 'Residential', 'residential', 'Residential', '', ''),
(3, 'Economy', 'economy', 'Economy', '', ''),
(4, 'Tools and Equipment', 'tools-and-equipment', 'Tools and Equipment', '', '');

-- --------------------------------------------------------

--
-- Table structure for table `tbl_category_photo`
--

CREATE TABLE `tbl_category_photo` (
  `p_category_id` int(11) NOT NULL,
  `p_category_name` varchar(255) NOT NULL,
  `status` varchar(30) NOT NULL
) ENGINE=InnoDB DEFAULT CHARSET=latin1;

--
-- Dumping data for table `tbl_category_photo`
--

INSERT INTO `tbl_category_photo` (`p_category_id`, `p_category_name`, `status`) VALUES
(1, 'Commercial', 'Active'),
(2, 'Design and Architecture', 'Active'),
(3, 'Technology', 'Active');

-- --------------------------------------------------------

--
-- Table structure for table `tbl_category_video`
--

CREATE TABLE `tbl_category_video` (
  `v_category_id` int(11) NOT NULL,
  `v_category_name` varchar(255) NOT NULL,
  `status` varchar(30) NOT NULL
) ENGINE=InnoDB DEFAULT CHARSET=latin1;

--
-- Dumping data for table `tbl_category_video`
--

INSERT INTO `tbl_category_video` (`v_category_id`, `v_category_name`, `status`) VALUES
(1, 'Consulting Training', 'Active'),
(2, 'Consulting Service', 'Active'),
(3, 'Cost Management', 'Active');

-- --------------------------------------------------------

--
-- Table structure for table `tbl_comment`
--

CREATE TABLE `tbl_comment` (
  `id` int(11) NOT NULL,
  `code_body` text NOT NULL,
  `code_main` text NOT NULL
) ENGINE=InnoDB DEFAULT CHARSET=latin1;

--
-- Dumping data for table `tbl_comment`
--

INSERT INTO `tbl_comment` (`id`, `code_body`, `code_main`) VALUES
(1, '<div id=\"fb-root\"></div>\r\n<script>(function(d, s, id) {\r\n  var js, fjs = d.getElementsByTagName(s)[0];\r\n  if (d.getElementById(id)) return;\r\n  js = d.createElement(s); js.id = id;\r\n  js.src = \"//connect.facebook.net/en_US/sdk.js#xfbml=1&version=v2.10&appId=323620764400430\";\r\n  fjs.parentNode.insertBefore(js, fjs);\r\n}(document, \'script\', \'facebook-jssdk\'));</script>', '<div class=\"fb-comments\" data-href=\"https://developers.facebook.com/docs/plugins/comments#configurator\" data-numposts=\"5\"></div>');

-- --------------------------------------------------------

--
-- Table structure for table `tbl_designation`
--

CREATE TABLE `tbl_designation` (
  `designation_id` int(11) NOT NULL,
  `designation_name` varchar(100) NOT NULL
) ENGINE=InnoDB DEFAULT CHARSET=latin1;

--
-- Dumping data for table `tbl_designation`
--

INSERT INTO `tbl_designation` (`designation_id`, `designation_name`) VALUES
(2, 'CEO'),
(5, 'Founder');

-- --------------------------------------------------------

--
-- Table structure for table `tbl_faq`
--

CREATE TABLE `tbl_faq` (
  `faq_id` int(11) NOT NULL,
  `faq_title` varchar(255) NOT NULL,
  `faq_content` text NOT NULL,
  `faq_category_id` int(11) NOT NULL
) ENGINE=InnoDB DEFAULT CHARSET=latin1;

--
-- Dumping data for table `tbl_faq`
--

INSERT INTO `tbl_faq` (`faq_id`, `faq_title`, `faq_content`, `faq_category_id`) VALUES
(1, 'Question Title 1', '<p>Mei ut errem legimus periculis, eos liber epicurei necessitatibus eu, facilisi postulant vel no. Ad mea commune disputando, cu vel choro exerci. Pri et oratio iisque atomorum, enim detracto mei ne, id eos soleat iudicabit. Ne reque reformidans mei, rebum delicata consequuntur an sit. Sea ad audire utamur. Ut mei ridens minimum intellegat, perpetua euripidis te qui, ad consul intellegebat comprehensam eum.</p>\r\n', 1),
(2, 'Question Title 2', '<p>Mei ut errem legimus periculis, eos liber epicurei necessitatibus eu, facilisi postulant vel no. Ad mea commune disputando, cu vel choro exerci. Pri et oratio iisque atomorum, enim detracto mei ne, id eos soleat iudicabit. Ne reque reformidans mei, rebum delicata consequuntur an sit. Sea ad audire utamur. Ut mei ridens minimum intellegat, perpetua euripidis te qui, ad consul intellegebat comprehensam eum.</p>\r\n', 1),
(3, 'Question Title 3', '<p>Mei ut errem legimus periculis, eos liber epicurei necessitatibus eu, facilisi postulant vel no. Ad mea commune disputando, cu vel choro exerci. Pri et oratio iisque atomorum, enim detracto mei ne, id eos soleat iudicabit. Ne reque reformidans mei, rebum delicata consequuntur an sit. Sea ad audire utamur. Ut mei ridens minimum intellegat, perpetua euripidis te qui, ad consul intellegebat comprehensam eum.</p>\r\n', 2),
(4, 'Question Title 4', '<p>Mei ut errem legimus periculis, eos liber epicurei necessitatibus eu, facilisi postulant vel no. Ad mea commune disputando, cu vel choro exerci. Pri et oratio iisque atomorum, enim detracto mei ne, id eos soleat iudicabit. Ne reque reformidans mei, rebum delicata consequuntur an sit. Sea ad audire utamur. Ut mei ridens minimum intellegat, perpetua euripidis te qui, ad consul intellegebat comprehensam eum.</p>\r\n', 2),
(5, 'Question Title 5', '<p>Mei ut errem legimus periculis, eos liber epicurei necessitatibus eu, facilisi postulant vel no. Ad mea commune disputando, cu vel choro exerci. Pri et oratio iisque atomorum, enim detracto mei ne, id eos soleat iudicabit. Ne reque reformidans mei, rebum delicata consequuntur an sit. Sea ad audire utamur. Ut mei ridens minimum intellegat, perpetua euripidis te qui, ad consul intellegebat comprehensam eum.</p>\r\n', 2),
(6, 'Question Title 6', '<p>Mei ut errem legimus periculis, eos liber epicurei necessitatibus eu, facilisi postulant vel no. Ad mea commune disputando, cu vel choro exerci. Pri et oratio iisque atomorum, enim detracto mei ne, id eos soleat iudicabit. Ne reque reformidans mei, rebum delicata consequuntur an sit. Sea ad audire utamur. Ut mei ridens minimum intellegat, perpetua euripidis te qui, ad consul intellegebat comprehensam eum.</p>\r\n', 3),
(7, 'Question Title 7', '<p>Mei ut errem legimus periculis, eos liber epicurei necessitatibus eu, facilisi postulant vel no. Ad mea commune disputando, cu vel choro exerci. Pri et oratio iisque atomorum, enim detracto mei ne, id eos soleat iudicabit. Ne reque reformidans mei, rebum delicata consequuntur an sit. Sea ad audire utamur. Ut mei ridens minimum intellegat, perpetua euripidis te qui, ad consul intellegebat comprehensam eum.</p>\r\n', 3),
(8, 'Question Title 8', '<p>Mei ut errem legimus periculis, eos liber epicurei necessitatibus eu, facilisi postulant vel no. Ad mea commune disputando, cu vel choro exerci. Pri et oratio iisque atomorum, enim detracto mei ne, id eos soleat iudicabit. Ne reque reformidans mei, rebum delicata consequuntur an sit. Sea ad audire utamur. Ut mei ridens minimum intellegat, perpetua euripidis te qui, ad consul intellegebat comprehensam eum.</p>\r\n', 3);

-- --------------------------------------------------------

--
-- Table structure for table `tbl_faq_category`
--

CREATE TABLE `tbl_faq_category` (
  `faq_category_id` int(11) NOT NULL,
  `faq_category_name` varchar(255) NOT NULL
) ENGINE=InnoDB DEFAULT CHARSET=latin1;

--
-- Dumping data for table `tbl_faq_category`
--

INSERT INTO `tbl_faq_category` (`faq_category_id`, `faq_category_name`) VALUES
(1, 'General Questions'),
(2, 'Client Query'),
(3, 'Technical Questions');

-- --------------------------------------------------------

--
-- Table structure for table `tbl_file`
--

CREATE TABLE `tbl_file` (
  `file_id` int(11) NOT NULL,
  `file_title` varchar(255) NOT NULL,
  `file_name` varchar(255) NOT NULL
) ENGINE=InnoDB DEFAULT CHARSET=latin1;

-- --------------------------------------------------------

--
-- Table structure for table `tbl_language`
--

CREATE TABLE `tbl_language` (
  `id` int(11) NOT NULL,
  `name` text NOT NULL,
  `value` text NOT NULL
) ENGINE=InnoDB DEFAULT CHARSET=latin1;

--
-- Dumping data for table `tbl_language`
--

INSERT INTO `tbl_language` (`id`, `name`, `value`) VALUES
(1, 'ABOUT_US', 'About Us'),
(2, 'LATEST_NEWS', 'Latest News'),
(3, 'POPULAR_NEWS', 'Popular News'),
(4, 'CONTACT_US', 'Contact Us'),
(5, 'CONTACT_FORM', 'Contact Form'),
(6, 'FULL_NAME', 'Full Name'),
(7, 'EMAIL_ADDRESS', 'Email Address'),
(8, 'PHONE_NUMBER', 'Phone Number'),
(9, 'MESSAGE', 'Message'),
(10, 'SEND_MESSAGE', 'Send Message'),
(11, 'CATEGORY', 'Category'),
(12, 'POSTED_ON', 'Posted on'),
(13, 'READ_MORE', 'Read More'),
(14, 'CATEGORIES', 'Categories'),
(15, 'SEARCH', 'Search'),
(16, 'SEARCH_BY_COLON', 'Search By:'),
(17, 'DATE', 'Date'),
(18, 'SHARE_THIS', 'Share This'),
(19, 'COMMENTS', 'Comments'),
(20, 'ENTER_YOUR_EMAIL', 'Enter Your Email'),
(21, 'SUBMIT', 'Submit'),
(22, 'CATEGORY_COLON', 'Category:'),
(23, 'SERVICE_COLON', 'Service:'),
(24, 'SERVICES', 'Services'),
(26, 'EMAIL_VALID_CHECK', 'Email Address must be valid'),
(27, 'SUBSCRIPTION_SUCCESS_MESSAGE', 'Please check your email and confirm your subscription.'),
(28, 'FULL_NAME_EMPTY_CHECK', 'Name can not be empty'),
(29, 'PHONE_EMPTY_CHECK', 'Phone Number can not be empty'),
(30, 'EMAIL_EMPTY_CHECK', 'Email Address can not be empty'),
(31, 'COMMENT_EMPTY_CHECK', 'Comment can not be empty'),
(33, 'ADDRESS', 'Address'),
(34, 'WEBSITE', 'Website'),
(35, 'ABOUT', 'About'),
(36, 'CONTACT', 'Contact'),
(37, 'SOCIAL_MEDIA_HEADLINE', 'Social Media Activities'),
(38, 'SEE_FULL_PROFILE', 'See Full Profile'),
(39, 'TEAM_MEMBER_COLON', 'Team Member:'),
(40, 'NEWS_EMPTY_CHECK', 'Sorry! No News is found.'),
(41, 'PREVIOUS', 'Previous'),
(42, 'NEXT', 'Next'),
(43, 'EMAIL_EXIST_CHECK', 'Email Address already exists');

-- --------------------------------------------------------

--
-- Table structure for table `tbl_menu`
--

CREATE TABLE `tbl_menu` (
  `menu_id` int(11) NOT NULL,
  `menu_type` varchar(255) NOT NULL,
  `page_id` int(11) NOT NULL,
  `menu_name` varchar(255) NOT NULL,
  `menu_url` varchar(255) NOT NULL,
  `menu_order` int(11) NOT NULL,
  `menu_parent` int(11) NOT NULL
) ENGINE=InnoDB DEFAULT CHARSET=latin1;

--
-- Dumping data for table `tbl_menu`
--

INSERT INTO `tbl_menu` (`menu_id`, `menu_type`, `page_id`, `menu_name`, `menu_url`, `menu_order`, `menu_parent`) VALUES
(1, 'Other', 0, 'Home', 'https://www.demosly.com/xicia/cc/consultine/', 1, 0),
(12, 'Other', 0, 'About', '#', 2, 0),
(13, 'Page', 1, '', '', 1, 12),
(14, 'Page', 10, '', '', 2, 12),
(15, 'Other', 0, 'Gallery', '#', 3, 0),
(16, 'Page', 5, '', '', 1, 15),
(17, 'Page', 6, '', '', 2, 15),
(18, 'Page', 7, '', '', 5, 0),
(19, 'Page', 9, '', '', 6, 0),
(20, 'Page', 2, '', '', 7, 0),
(21, 'Other', 0, 'Services', '#', 4, 0),
(22, 'Other', 0, 'Consultant Coordination', 'https://www.demosly.com/xicia/cc/consultine/service/contractor-coordination', 1, 21),
(23, 'Other', 0, 'Cost Management', 'https://www.demosly.com/xicia/cc/consultine/service/cost-management', 2, 21),
(24, 'Other', 0, 'Training Program', 'https://www.demosly.com/xicia/cc/consultine/service/training-program', 3, 21),
(25, 'Other', 0, 'Project Management', 'https://www.demosly.com/xicia/cc/consultine/service/project-management', 4, 21),
(26, 'Other', 0, 'Quality Assurance', 'https://www.demosly.com/xicia/cc/consultine/service/quality-assurance', 5, 21),
(27, 'Other', 0, 'Reporting', 'https://www.demosly.com/xicia/cc/consultine/service/reporting', 6, 21);

-- --------------------------------------------------------

--
-- Table structure for table `tbl_news`
--

CREATE TABLE `tbl_news` (
  `news_id` int(11) NOT NULL,
  `news_title` varchar(255) NOT NULL,
  `news_slug` varchar(255) NOT NULL,
  `news_content` text NOT NULL,
  `news_date` varchar(255) NOT NULL,
  `photo` varchar(255) NOT NULL,
  `category_id` int(11) NOT NULL,
  `publisher` varchar(255) NOT NULL,
  `total_view` int(11) NOT NULL,
  `meta_title` varchar(255) NOT NULL,
  `meta_keyword` text NOT NULL,
  `meta_description` text NOT NULL
) ENGINE=InnoDB DEFAULT CHARSET=latin1;

--
-- Dumping data for table `tbl_news`
--

INSERT INTO `tbl_news` (`news_id`, `news_title`, `news_slug`, `news_content`, `news_date`, `photo`, `category_id`, `publisher`, `total_view`, `meta_title`, `meta_keyword`, `meta_description`) VALUES
(4, 'Pro unum pertinax oportere vel ad ridens', 'pro-unum-pertinax-oportere-vel-ad-ridens', '<p>Lorem ipsum dolor sit amet, qui case probo velit no, an postea scaevola partiendo mei. Id mea fuisset perpetua referrentur. Ut everti ceteros mei, alii discere eum no, duo id malis iuvaret. Ad sint everti accusam vel, ea viderer suscipiantur pri. Brute option minimum in cum, ignota iuvaret an pro.</p>\r\n\r\n<p>Solum atqui intellegebat mea an. Ne ius alterum aliquam. Ea nec populo aliquid mentitum, vis in meliore atomorum, sanctus consequat vituperatoribus duo ea. Ad doctus pertinacia ius, virtute fuisset id has, eum ut modo principes. Qui eu labore adversarium, oporteat delicata qui ut, an qui meliore principes. Id aliquid dolorum nam.</p>\r\n\r\n<p>Reque pericula philosophia ut mei, volumus eligendi mandamus has an. In nobis consulatu pri, has at timeam scaevola, has simul quaeque et. Te nec sale accumsan. Dolorem prodesset efficiendi sea ea.</p>\r\n\r\n<p>Et habeo modus debitis pri, vel quis fierent albucius ne. Ea animal meliore usu, nec etiam dolorum atomorum at, nam in audire mandamus omittantur. Cu ius dicam officiis molestiae, mea volumus officiis cotidieque no. Ut vel possim interpretaris, idque probatus antiopam has ad. Facilisi qualisque te sea, no dolorum mnesarchum usu.</p>\r\n\r\n<p>Eum tota graeci impetus an, eirmod invenire rationibus ne mel. Ignota habemus eum ex, vis omnesque delicata perpetua an. Sit id modo invidunt sapientem, ne eum vocibus dolores phaedrum. Case praesent appellantur eu per.</p>\r\n', '05-09-2017', 'news-4.jpg', 4, 'John Doe', 15, 'Pro unum pertinax oportere vel ad ridens', '', ''),
(5, 'Tollit cetero cu usu etiam evertitur id nec', 'tollit-cetero-cu-usu-etiam-evertitur-id-nec', '<p>Lorem ipsum dolor sit amet, qui case probo velit no, an postea scaevola partiendo mei. Id mea fuisset perpetua referrentur. Ut everti ceteros mei, alii discere eum no, duo id malis iuvaret. Ad sint everti accusam vel, ea viderer suscipiantur pri. Brute option minimum in cum, ignota iuvaret an pro.</p>\r\n\r\n<p>Solum atqui intellegebat mea an. Ne ius alterum aliquam. Ea nec populo aliquid mentitum, vis in meliore atomorum, sanctus consequat vituperatoribus duo ea. Ad doctus pertinacia ius, virtute fuisset id has, eum ut modo principes. Qui eu labore adversarium, oporteat delicata qui ut, an qui meliore principes. Id aliquid dolorum nam.</p>\r\n\r\n<p>Reque pericula philosophia ut mei, volumus eligendi mandamus has an. In nobis consulatu pri, has at timeam scaevola, has simul quaeque et. Te nec sale accumsan. Dolorem prodesset efficiendi sea ea.</p>\r\n\r\n<p>Et habeo modus debitis pri, vel quis fierent albucius ne. Ea animal meliore usu, nec etiam dolorum atomorum at, nam in audire mandamus omittantur. Cu ius dicam officiis molestiae, mea volumus officiis cotidieque no. Ut vel possim interpretaris, idque probatus antiopam has ad. Facilisi qualisque te sea, no dolorum mnesarchum usu.</p>\r\n\r\n<p>Eum tota graeci impetus an, eirmod invenire rationibus ne mel. Ignota habemus eum ex, vis omnesque delicata perpetua an. Sit id modo invidunt sapientem, ne eum vocibus dolores phaedrum. Case praesent appellantur eu per.</p>\r\n', '05-09-2017', 'news-5.jpg', 4, 'John Doe', 21, 'Tollit cetero cu usu etiam evertitur id nec', '', ''),
(6, 'Democritum cum omnes ornatus qui et te aeterno', 'democritum-cum-omnes-ornatus-qui-et-te-aeterno', '<p>Lorem ipsum dolor sit amet, qui case probo velit no, an postea scaevola partiendo mei. Id mea fuisset perpetua referrentur. Ut everti ceteros mei, alii discere eum no, duo id malis iuvaret. Ad sint everti accusam vel, ea viderer suscipiantur pri. Brute option minimum in cum, ignota iuvaret an pro.</p>\r\n\r\n<p>Solum atqui intellegebat mea an. Ne ius alterum aliquam. Ea nec populo aliquid mentitum, vis in meliore atomorum, sanctus consequat vituperatoribus duo ea. Ad doctus pertinacia ius, virtute fuisset id has, eum ut modo principes. Qui eu labore adversarium, oporteat delicata qui ut, an qui meliore principes. Id aliquid dolorum nam.</p>\r\n\r\n<p>Reque pericula philosophia ut mei, volumus eligendi mandamus has an. In nobis consulatu pri, has at timeam scaevola, has simul quaeque et. Te nec sale accumsan. Dolorem prodesset efficiendi sea ea.</p>\r\n\r\n<p>Et habeo modus debitis pri, vel quis fierent albucius ne. Ea animal meliore usu, nec etiam dolorum atomorum at, nam in audire mandamus omittantur. Cu ius dicam officiis molestiae, mea volumus officiis cotidieque no. Ut vel possim interpretaris, idque probatus antiopam has ad. Facilisi qualisque te sea, no dolorum mnesarchum usu.</p>\r\n\r\n<p>Eum tota graeci impetus an, eirmod invenire rationibus ne mel. Ignota habemus eum ex, vis omnesque delicata perpetua an. Sit id modo invidunt sapientem, ne eum vocibus dolores phaedrum. Case praesent appellantur eu per.</p>\r\n', '05-09-2017', 'news-6.jpg', 4, 'John Doe', 0, 'Democritum cum omnes ornatus qui et te aeterno', '', ''),
(7, 'Vix tale noluisse voluptua ad ne brute altera', 'vix-tale-noluisse-voluptua-ad-ne-brute-altera', '<p>Lorem ipsum dolor sit amet, qui case probo velit no, an postea scaevola partiendo mei. Id mea fuisset perpetua referrentur. Ut everti ceteros mei, alii discere eum no, duo id malis iuvaret. Ad sint everti accusam vel, ea viderer suscipiantur pri. Brute option minimum in cum, ignota iuvaret an pro.</p>\r\n\r\n<p>Solum atqui intellegebat mea an. Ne ius alterum aliquam. Ea nec populo aliquid mentitum, vis in meliore atomorum, sanctus consequat vituperatoribus duo ea. Ad doctus pertinacia ius, virtute fuisset id has, eum ut modo principes. Qui eu labore adversarium, oporteat delicata qui ut, an qui meliore principes. Id aliquid dolorum nam.</p>\r\n\r\n<p>Reque pericula philosophia ut mei, volumus eligendi mandamus has an. In nobis consulatu pri, has at timeam scaevola, has simul quaeque et. Te nec sale accumsan. Dolorem prodesset efficiendi sea ea.</p>\r\n\r\n<p>Et habeo modus debitis pri, vel quis fierent albucius ne. Ea animal meliore usu, nec etiam dolorum atomorum at, nam in audire mandamus omittantur. Cu ius dicam officiis molestiae, mea volumus officiis cotidieque no. Ut vel possim interpretaris, idque probatus antiopam has ad. Facilisi qualisque te sea, no dolorum mnesarchum usu.</p>\r\n\r\n<p>Eum tota graeci impetus an, eirmod invenire rationibus ne mel. Ignota habemus eum ex, vis omnesque delicata perpetua an. Sit id modo invidunt sapientem, ne eum vocibus dolores phaedrum. Case praesent appellantur eu per.</p>\r\n', '05-09-2017', 'news-7.jpg', 2, 'John Doe', 0, 'Vix tale noluisse voluptua ad ne brute altera', '', ''),
(8, 'Tantas eligendi at ius purto ipsum nemore sit ad', 'tantas-eligendi-at-ius-purto-ipsum-nemore-sit-ad', '<p>Lorem ipsum dolor sit amet, qui case probo velit no, an postea scaevola partiendo mei. Id mea fuisset perpetua referrentur. Ut everti ceteros mei, alii discere eum no, duo id malis iuvaret. Ad sint everti accusam vel, ea viderer suscipiantur pri. Brute option minimum in cum, ignota iuvaret an pro.</p>\r\n\r\n<p>Solum atqui intellegebat mea an. Ne ius alterum aliquam. Ea nec populo aliquid mentitum, vis in meliore atomorum, sanctus consequat vituperatoribus duo ea. Ad doctus pertinacia ius, virtute fuisset id has, eum ut modo principes. Qui eu labore adversarium, oporteat delicata qui ut, an qui meliore principes. Id aliquid dolorum nam.</p>\r\n\r\n<p>Reque pericula philosophia ut mei, volumus eligendi mandamus has an. In nobis consulatu pri, has at timeam scaevola, has simul quaeque et. Te nec sale accumsan. Dolorem prodesset efficiendi sea ea.</p>\r\n\r\n<p>Et habeo modus debitis pri, vel quis fierent albucius ne. Ea animal meliore usu, nec etiam dolorum atomorum at, nam in audire mandamus omittantur. Cu ius dicam officiis molestiae, mea volumus officiis cotidieque no. Ut vel possim interpretaris, idque probatus antiopam has ad. Facilisi qualisque te sea, no dolorum mnesarchum usu.</p>\r\n\r\n<p>Eum tota graeci impetus an, eirmod invenire rationibus ne mel. Ignota habemus eum ex, vis omnesque delicata perpetua an. Sit id modo invidunt sapientem, ne eum vocibus dolores phaedrum. Case praesent appellantur eu per.</p>\r\n', '05-09-2017', 'news-8.jpg', 2, 'John Doe', 12, 'Tantas eligendi at ius purto ipsum nemore sit ad', '', ''),
(9, 'In dolore legendos quo ne ferri noluisse sed', 'in-dolore-legendos-quo-ne-ferri-noluisse-sed', '<p>Lorem ipsum dolor sit amet, qui case probo velit no, an postea scaevola partiendo mei. Id mea fuisset perpetua referrentur. Ut everti ceteros mei, alii discere eum no, duo id malis iuvaret. Ad sint everti accusam vel, ea viderer suscipiantur pri. Brute option minimum in cum, ignota iuvaret an pro.</p>\r\n\r\n<p>Solum atqui intellegebat mea an. Ne ius alterum aliquam. Ea nec populo aliquid mentitum, vis in meliore atomorum, sanctus consequat vituperatoribus duo ea. Ad doctus pertinacia ius, virtute fuisset id has, eum ut modo principes. Qui eu labore adversarium, oporteat delicata qui ut, an qui meliore principes. Id aliquid dolorum nam.</p>\r\n\r\n<p>Reque pericula philosophia ut mei, volumus eligendi mandamus has an. In nobis consulatu pri, has at timeam scaevola, has simul quaeque et. Te nec sale accumsan. Dolorem prodesset efficiendi sea ea.</p>\r\n\r\n<p>Et habeo modus debitis pri, vel quis fierent albucius ne. Ea animal meliore usu, nec etiam dolorum atomorum at, nam in audire mandamus omittantur. Cu ius dicam officiis molestiae, mea volumus officiis cotidieque no. Ut vel possim interpretaris, idque probatus antiopam has ad. Facilisi qualisque te sea, no dolorum mnesarchum usu.</p>\r\n\r\n<p>Eum tota graeci impetus an, eirmod invenire rationibus ne mel. Ignota habemus eum ex, vis omnesque delicata perpetua an. Sit id modo invidunt sapientem, ne eum vocibus dolores phaedrum. Case praesent appellantur eu per.</p>\r\n', '05-09-2017', 'news-9.jpg', 1, 'John Doe', 9, 'In dolore legendos quo ne ferri noluisse sed', '', ''),
(10, 'Eu nostrum copiosae argumentum has', 'eu-nostrum-copiosae-argumentum-has', '<p>Lorem ipsum dolor sit amet, qui case probo velit no, an postea scaevola partiendo mei. Id mea fuisset perpetua referrentur. Ut everti ceteros mei, alii discere eum no, duo id malis iuvaret. Ad sint everti accusam vel, ea viderer suscipiantur pri. Brute option minimum in cum, ignota iuvaret an pro.</p>\r\n\r\n<p>Solum atqui intellegebat mea an. Ne ius alterum aliquam. Ea nec populo aliquid mentitum, vis in meliore atomorum, sanctus consequat vituperatoribus duo ea. Ad doctus pertinacia ius, virtute fuisset id has, eum ut modo principes. Qui eu labore adversarium, oporteat delicata qui ut, an qui meliore principes. Id aliquid dolorum nam.</p>\r\n\r\n<p>Reque pericula philosophia ut mei, volumus eligendi mandamus has an. In nobis consulatu pri, has at timeam scaevola, has simul quaeque et. Te nec sale accumsan. Dolorem prodesset efficiendi sea ea.</p>\r\n\r\n<p>Et habeo modus debitis pri, vel quis fierent albucius ne. Ea animal meliore usu, nec etiam dolorum atomorum at, nam in audire mandamus omittantur. Cu ius dicam officiis molestiae, mea volumus officiis cotidieque no. Ut vel possim interpretaris, idque probatus antiopam has ad. Facilisi qualisque te sea, no dolorum mnesarchum usu.</p>\r\n\r\n<p>Eum tota graeci impetus an, eirmod invenire rationibus ne mel. Ignota habemus eum ex, vis omnesque delicata perpetua an. Sit id modo invidunt sapientem, ne eum vocibus dolores phaedrum. Case praesent appellantur eu per.</p>\r\n', '05-09-2017', 'news-10.jpg', 1, 'John Doe', 4, 'Eu nostrum copiosae argumentum has', '', ''),
(11, 'Lorem ipsum dolor sit ame an labores explicari qui', 'lorem-ipsum-dolor-sit-ame-an-labores-explicari-qui', '<p>Lorem ipsum dolor sit amet, qui case probo velit no, an postea scaevola partiendo mei. Id mea fuisset perpetua referrentur. Ut everti ceteros mei, alii discere eum no, duo id malis iuvaret. Ad sint everti accusam vel, ea viderer suscipiantur pri. Brute option minimum in cum, ignota iuvaret an pro.</p>\r\n\r\n<p>Solum atqui intellegebat mea an. Ne ius alterum aliquam. Ea nec populo aliquid mentitum, vis in meliore atomorum, sanctus consequat vituperatoribus duo ea. Ad doctus pertinacia ius, virtute fuisset id has, eum ut modo principes. Qui eu labore adversarium, oporteat delicata qui ut, an qui meliore principes. Id aliquid dolorum nam.</p>\r\n\r\n<p>Reque pericula philosophia ut mei, volumus eligendi mandamus has an. In nobis consulatu pri, has at timeam scaevola, has simul quaeque et. Te nec sale accumsan. Dolorem prodesset efficiendi sea ea.</p>\r\n\r\n<p>Et habeo modus debitis pri, vel quis fierent albucius ne. Ea animal meliore usu, nec etiam dolorum atomorum at, nam in audire mandamus omittantur. Cu ius dicam officiis molestiae, mea volumus officiis cotidieque no. Ut vel possim interpretaris, idque probatus antiopam has ad. Facilisi qualisque te sea, no dolorum mnesarchum usu.</p>\r\n\r\n<p>Eum tota graeci impetus an, eirmod invenire rationibus ne mel. Ignota habemus eum ex, vis omnesque delicata perpetua an. Sit id modo invidunt sapientem, ne eum vocibus dolores phaedrum. Case praesent appellantur eu per.</p>\r\n', '05-09-2017', 'news-11.jpg', 1, 'John Doe', 17, 'Lorem ipsum dolor sit ame an labores explicari qui', '', '');

-- --------------------------------------------------------

--
-- Table structure for table `tbl_page`
--

CREATE TABLE `tbl_page` (
  `page_id` int(11) NOT NULL,
  `page_name` varchar(255) NOT NULL,
  `page_slug` varchar(255) NOT NULL,
  `page_content` text NOT NULL,
  `page_layout` varchar(255) NOT NULL,
  `banner` varchar(255) NOT NULL,
  `status` varchar(30) NOT NULL,
  `meta_title` varchar(255) NOT NULL,
  `meta_keyword` text NOT NULL,
  `meta_description` text NOT NULL
) ENGINE=InnoDB DEFAULT CHARSET=latin1;

--
-- Dumping data for table `tbl_page`
--

INSERT INTO `tbl_page` (`page_id`, `page_name`, `page_slug`, `page_content`, `page_layout`, `banner`, `status`, `meta_title`, `meta_keyword`, `meta_description`) VALUES
(1, 'About Us', 'about-us', '<p>Lorem ipsum dolor sit amet, at pro eleifend vulputate, vim movet regione ad. Has veritus adipisci aliquando eu, fugit eripuit dignissim per ea, sanctus omittam assueverit his ex. Nulla affert vix in, ei sea dolore dolores vivendum. Vix eros postea an, ius suas ubique habemus an, wisi nulla ex mel. Saepe postulant concludaturque at has. Exerci tincidunt interesset ne per, pro bonorum utroque appetere ad.</p>\r\n\r\n<p>Est ea corpora deserunt cotidieque, quo te vero melius assentior, pri ex velit altera iuvaret. Tibique hendrerit voluptaria ad quo. Ut appetere reprimique qui, aliquip suscipiantur ex eos. Nibh vero nusquam his eu, agam summo democritum mea ne. Ius in novum scripta, atqui appetere efficiantur an vel, ex probo modus temporibus nam.</p>\r\n\r\n<p>Ea feugiat nominavi quo, debet gubergren elaboraret at cum, mel timeam vivendo mentitum cu. Aeque civibus luptatum cu eos. Novum facilisi insolens his et, ex aliquip tibique laboramus vim. Vix brute appellantur ei.</p>\r\n\r\n<p>Nec eros viderer ne, mel ad suas offendit suavitate, te pri laoreet legendos hendrerit. Per ut paulo urbanitas mediocritatem, in sea facilisis imperdiet torquatos, ea vis soleat fierent pertinacia. Maiestatis reprimique no est, ut ius esse tation. Nam animal discere omnesque at. Evertitur adipiscing vis ei, his ut luptatum recteque, et idque mundi vim.</p>\r\n\r\n<p>Adhuc vocibus at mei, nulla altera eu vim. At sit quot ferri everti. Mea ea doming dictas possim. Te mea facete nominati constituam, no discere democritum has, ei nam eirmod vocent deserunt. Eu wisi voluptatibus mea, elit errem ad pro, vim quando denique id. Labitur accommodare eam at.</p>\r\n', 'Full Width Page Layout', 'page-banner-1.jpg', 'Active', 'About Us Page', '', ''),
(2, 'Contact Us', 'contact-us', '', 'Contact Us Page Layout', 'page-banner-2.jpg', 'Active', 'Contact Us Page', '', ''),
(5, 'Photo Gallery', 'photo-gallery', '', 'Photo Gallery Page Layout', 'page-banner-5.jpg', 'Active', 'Photo Gallery Page', '', ''),
(6, 'Video Gallery', 'video-gallery', '', 'Video Gallery Page Layout', 'page-banner-6.jpg', 'Active', 'Video Gallery Page', '', ''),
(7, 'FAQ', 'faq', '', 'FAQ Page Layout', 'page-banner-7.jpg', 'Active', 'FAQ Page', '', ''),
(9, 'Blog', 'blog', '', 'Blog Page Layout', 'page-banner-9.jpg', 'Active', 'Blog Page', '', ''),
(10, 'Team Member', 'team-member', '', 'Team Member Page Layout', 'page-banner-10.jpg', 'Active', 'Team Member Page', '', '');

-- --------------------------------------------------------

--
-- Table structure for table `tbl_partner`
--

CREATE TABLE `tbl_partner` (
  `id` int(11) NOT NULL,
  `name` varchar(255) NOT NULL,
  `url` varchar(255) NOT NULL,
  `photo` varchar(255) NOT NULL
) ENGINE=InnoDB DEFAULT CHARSET=latin1;

--
-- Dumping data for table `tbl_partner`
--

INSERT INTO `tbl_partner` (`id`, `name`, `url`, `photo`) VALUES
(1, 'Company 1', '', 'partner-1.png'),
(2, 'Company 2', '', 'partner-2.png'),
(3, 'Company 3', '', 'partner-3.png'),
(4, 'Company 4', '', 'partner-4.png'),
(5, 'Company 5', '', 'partner-5.png'),
(6, 'Company 6', '', 'partner-6.png'),
(7, 'Company 7', '', 'partner-7.png');

-- --------------------------------------------------------

--
-- Table structure for table `tbl_photo`
--

CREATE TABLE `tbl_photo` (
  `photo_id` int(11) NOT NULL,
  `photo_caption` varchar(255) NOT NULL,
  `photo_name` varchar(255) NOT NULL,
  `p_category_id` int(11) NOT NULL
) ENGINE=InnoDB DEFAULT CHARSET=latin1;

--
-- Dumping data for table `tbl_photo`
--

INSERT INTO `tbl_photo` (`photo_id`, `photo_caption`, `photo_name`, `p_category_id`) VALUES
(8, 'Photo 1', 'photo-8.jpg', 1),
(9, 'Photo 2', 'photo-9.jpg', 1),
(10, 'Photo 3', 'photo-10.jpg', 1),
(11, 'Photo 4', 'photo-11.jpg', 2),
(12, 'Photo 5', 'photo-12.jpg', 2),
(13, 'Photo 6', 'photo-13.jpg', 2),
(14, 'Photo 7', 'photo-14.jpg', 2),
(15, 'Photo 8', 'photo-15.jpg', 3),
(16, 'Photo 9', 'photo-16.jpg', 3),
(17, 'Photo 10', 'photo-17.jpg', 3),
(18, 'Photo 11', 'photo-18.jpg', 3),
(19, 'Photo 12', 'photo-19.jpg', 1);

-- --------------------------------------------------------

--
-- Table structure for table `tbl_service`
--

CREATE TABLE `tbl_service` (
  `id` int(11) NOT NULL,
  `name` varchar(255) NOT NULL,
  `slug` varchar(255) NOT NULL,
  `description` text NOT NULL,
  `short_description` text NOT NULL,
  `photo` varchar(255) NOT NULL,
  `banner` varchar(255) NOT NULL,
  `meta_title` varchar(255) NOT NULL,
  `meta_keyword` text NOT NULL,
  `meta_description` text NOT NULL
) ENGINE=InnoDB DEFAULT CHARSET=latin1;

--
-- Dumping data for table `tbl_service`
--

INSERT INTO `tbl_service` (`id`, `name`, `slug`, `description`, `short_description`, `photo`, `banner`, `meta_title`, `meta_keyword`, `meta_description`) VALUES
(4, 'Consultant Coordination', 'contractor-coordination', '<p>Lorem ipsum dolor sit amet, an labores explicari qui, eu nostrum copiosae argumentum has. Latine propriae quo no, unum ridens expetenda id sit, at usu eius eligendi singulis. Sea ocurreret principes ne. At nonumy aperiri pri, nam quodsi copiosae intellegebat et, ex deserunt euripidis usu. Per ad ullum lobortis. Duo volutpat imperdiet ut, postea salutatus imperdiet ut per, ad utinam debitis invenire has.</p>\r\n\r\n<p>Liber utroque vim an, ne his brute vivendo, est fabulas consetetur appellantur an. In dolore legendos quo, ne ferri noluisse sed. Tantas eligendi at ius. Purto ipsum nemore sit ad.</p>\r\n\r\n<p>Vix tale noluisse voluptua ad, ne brute altera democritum cum. Omnes ornatus qui et, te aeterno discere ocurreret sea. Tollit cetero cu usu, etiam evertitur id nec. Id pro unum pertinax oportere, vel ad ridens mollis. Ad ius meis suavitate voluptaria.</p>\r\n\r\n<p>Mei ut errem legimus periculis, eos liber epicurei necessitatibus eu, facilisi postulant vel no. Ad mea commune disputando, cu vel choro exerci. Pri et oratio iisque atomorum, enim detracto mei ne, id eos soleat iudicabit. Ne reque reformidans mei, rebum delicata consequuntur an sit. Sea ad audire utamur. Ut mei ridens minimum intellegat, perpetua euripidis te qui, ad consul intellegebat comprehensam eum.</p>\r\n', 'Lorem ipsum dolor sit amet, an labores explicari qui, eu nostrum copiosae argumentum has. Latine propriae quo no, unum ridens expetenda id sit.', 'service-4.jpg', 'service-banner-4.jpg', 'Consultant Coordination', '', ''),
(5, 'Cost Management', 'cost-management', '<p>Lorem ipsum dolor sit amet, an labores explicari qui, eu nostrum copiosae argumentum has. Latine propriae quo no, unum ridens expetenda id sit, at usu eius eligendi singulis. Sea ocurreret principes ne. At nonumy aperiri pri, nam quodsi copiosae intellegebat et, ex deserunt euripidis usu. Per ad ullum lobortis. Duo volutpat imperdiet ut, postea salutatus imperdiet ut per, ad utinam debitis invenire has.</p>\r\n\r\n<p>Liber utroque vim an, ne his brute vivendo, est fabulas consetetur appellantur an. In dolore legendos quo, ne ferri noluisse sed. Tantas eligendi at ius. Purto ipsum nemore sit ad.</p>\r\n\r\n<p>Vix tale noluisse voluptua ad, ne brute altera democritum cum. Omnes ornatus qui et, te aeterno discere ocurreret sea. Tollit cetero cu usu, etiam evertitur id nec. Id pro unum pertinax oportere, vel ad ridens mollis. Ad ius meis suavitate voluptaria.</p>\r\n\r\n<p>Mei ut errem legimus periculis, eos liber epicurei necessitatibus eu, facilisi postulant vel no. Ad mea commune disputando, cu vel choro exerci. Pri et oratio iisque atomorum, enim detracto mei ne, id eos soleat iudicabit. Ne reque reformidans mei, rebum delicata consequuntur an sit. Sea ad audire utamur. Ut mei ridens minimum intellegat, perpetua euripidis te qui, ad consul intellegebat comprehensam eum.</p>\r\n', 'Ad his diam eirmod persecuti. Eum health cube scriptorem eu', 'service-5.jpg', 'service-banner-5.jpg', 'Cost Management', '', ''),
(6, 'Training Program', 'training-program', '<p>Lorem ipsum dolor sit amet, an labores explicari qui, eu nostrum copiosae argumentum has. Latine propriae quo no, unum ridens expetenda id sit, at usu eius eligendi singulis. Sea ocurreret principes ne. At nonumy aperiri pri, nam quodsi copiosae intellegebat et, ex deserunt euripidis usu. Per ad ullum lobortis. Duo volutpat imperdiet ut, postea salutatus imperdiet ut per, ad utinam debitis invenire has.</p>\r\n\r\n<p>Liber utroque vim an, ne his brute vivendo, est fabulas consetetur appellantur an. In dolore legendos quo, ne ferri noluisse sed. Tantas eligendi at ius. Purto ipsum nemore sit ad.</p>\r\n\r\n<p>Vix tale noluisse voluptua ad, ne brute altera democritum cum. Omnes ornatus qui et, te aeterno discere ocurreret sea. Tollit cetero cu usu, etiam evertitur id nec. Id pro unum pertinax oportere, vel ad ridens mollis. Ad ius meis suavitate voluptaria.</p>\r\n\r\n<p>Mei ut errem legimus periculis, eos liber epicurei necessitatibus eu, facilisi postulant vel no. Ad mea commune disputando, cu vel choro exerci. Pri et oratio iisque atomorum, enim detracto mei ne, id eos soleat iudicabit. Ne reque reformidans mei, rebum delicata consequuntur an sit. Sea ad audire utamur. Ut mei ridens minimum intellegat, perpetua euripidis te qui, ad consul intellegebat comprehensam eum.</p>\r\n', 'Ad his diam eirmod persecuti. Eum health cube scriptorem eu', 'service-6.jpg', 'service-banner-6.jpg', 'Training Program', '', ''),
(7, 'Project Management', 'project-management', '<p>Lorem ipsum dolor sit amet, an labores explicari qui, eu nostrum copiosae argumentum has. Latine propriae quo no, unum ridens expetenda id sit, at usu eius eligendi singulis. Sea ocurreret principes ne. At nonumy aperiri pri, nam quodsi copiosae intellegebat et, ex deserunt euripidis usu. Per ad ullum lobortis. Duo volutpat imperdiet ut, postea salutatus imperdiet ut per, ad utinam debitis invenire has.</p>\r\n\r\n<p>Liber utroque vim an, ne his brute vivendo, est fabulas consetetur appellantur an. In dolore legendos quo, ne ferri noluisse sed. Tantas eligendi at ius. Purto ipsum nemore sit ad.</p>\r\n\r\n<p>Vix tale noluisse voluptua ad, ne brute altera democritum cum. Omnes ornatus qui et, te aeterno discere ocurreret sea. Tollit cetero cu usu, etiam evertitur id nec. Id pro unum pertinax oportere, vel ad ridens mollis. Ad ius meis suavitate voluptaria.</p>\r\n\r\n<p>Mei ut errem legimus periculis, eos liber epicurei necessitatibus eu, facilisi postulant vel no. Ad mea commune disputando, cu vel choro exerci. Pri et oratio iisque atomorum, enim detracto mei ne, id eos soleat iudicabit. Ne reque reformidans mei, rebum delicata consequuntur an sit. Sea ad audire utamur. Ut mei ridens minimum intellegat, perpetua euripidis te qui, ad consul intellegebat comprehensam eum.</p>\r\n', 'Ad his diam eirmod persecuti. Eum health cube scriptorem eu', 'service-7.jpg', 'service-banner-7.jpg', 'Project Management', '', ''),
(8, 'Quality Assurance', 'quality-assurance', '<p>Lorem ipsum dolor sit amet, an labores explicari qui, eu nostrum copiosae argumentum has. Latine propriae quo no, unum ridens expetenda id sit, at usu eius eligendi singulis. Sea ocurreret principes ne. At nonumy aperiri pri, nam quodsi copiosae intellegebat et, ex deserunt euripidis usu. Per ad ullum lobortis. Duo volutpat imperdiet ut, postea salutatus imperdiet ut per, ad utinam debitis invenire has.</p>\r\n\r\n<p>Liber utroque vim an, ne his brute vivendo, est fabulas consetetur appellantur an. In dolore legendos quo, ne ferri noluisse sed. Tantas eligendi at ius. Purto ipsum nemore sit ad.</p>\r\n\r\n<p>Vix tale noluisse voluptua ad, ne brute altera democritum cum. Omnes ornatus qui et, te aeterno discere ocurreret sea. Tollit cetero cu usu, etiam evertitur id nec. Id pro unum pertinax oportere, vel ad ridens mollis. Ad ius meis suavitate voluptaria.</p>\r\n\r\n<p>Mei ut errem legimus periculis, eos liber epicurei necessitatibus eu, facilisi postulant vel no. Ad mea commune disputando, cu vel choro exerci. Pri et oratio iisque atomorum, enim detracto mei ne, id eos soleat iudicabit. Ne reque reformidans mei, rebum delicata consequuntur an sit. Sea ad audire utamur. Ut mei ridens minimum intellegat, perpetua euripidis te qui, ad consul intellegebat comprehensam eum.</p>\r\n', 'Ad his diam eirmod persecuti. Eum health cube scriptorem eu', 'service-8.jpg', 'service-banner-8.jpg', 'Quality Assurance', '', ''),
(9, 'Reporting', 'reporting', '<p>Lorem ipsum dolor sit amet, an labores explicari qui, eu nostrum copiosae argumentum has. Latine propriae quo no, unum ridens expetenda id sit, at usu eius eligendi singulis. Sea ocurreret principes ne. At nonumy aperiri pri, nam quodsi copiosae intellegebat et, ex deserunt euripidis usu. Per ad ullum lobortis. Duo volutpat imperdiet ut, postea salutatus imperdiet ut per, ad utinam debitis invenire has.</p>\r\n\r\n<p>Liber utroque vim an, ne his brute vivendo, est fabulas consetetur appellantur an. In dolore legendos quo, ne ferri noluisse sed. Tantas eligendi at ius. Purto ipsum nemore sit ad.</p>\r\n\r\n<p>Vix tale noluisse voluptua ad, ne brute altera democritum cum. Omnes ornatus qui et, te aeterno discere ocurreret sea. Tollit cetero cu usu, etiam evertitur id nec. Id pro unum pertinax oportere, vel ad ridens mollis. Ad ius meis suavitate voluptaria.</p>\r\n\r\n<p>Mei ut errem legimus periculis, eos liber epicurei necessitatibus eu, facilisi postulant vel no. Ad mea commune disputando, cu vel choro exerci. Pri et oratio iisque atomorum, enim detracto mei ne, id eos soleat iudicabit. Ne reque reformidans mei, rebum delicata consequuntur an sit. Sea ad audire utamur. Ut mei ridens minimum intellegat, perpetua euripidis te qui, ad consul intellegebat comprehensam eum.</p>\r\n', 'Ad his diam eirmod persecuti. Eum health cube scriptorem eu', 'service-9.jpg', 'service-banner-9.jpg', 'Reporting', '', '');

-- --------------------------------------------------------

--
-- Table structure for table `tbl_settings`
--

CREATE TABLE `tbl_settings` (
  `id` int(11) NOT NULL,
  `logo` varchar(255) NOT NULL,
  `favicon` varchar(255) NOT NULL,
  `footer_about` text NOT NULL,
  `footer_copyright` text NOT NULL,
  `contact_address` text NOT NULL,
  `contact_email` varchar(255) NOT NULL,
  `contact_phone` varchar(255) NOT NULL,
  `contact_fax` varchar(255) NOT NULL,
  `contact_map_iframe` text NOT NULL,
  `receive_email` varchar(255) NOT NULL,
  `receive_email_subject` varchar(255) NOT NULL,
  `receive_email_thank_you_message` text NOT NULL,
  `total_recent_news_footer` int(10) NOT NULL,
  `total_popular_news_footer` int(10) NOT NULL,
  `total_recent_news_sidebar` int(11) NOT NULL,
  `total_popular_news_sidebar` int(11) NOT NULL,
  `total_recent_news_home_page` int(11) NOT NULL,
  `meta_title_home` text NOT NULL,
  `meta_keyword_home` text NOT NULL,
  `meta_description_home` text NOT NULL,
  `home_title_service` varchar(255) NOT NULL,
  `home_subtitle_service` varchar(255) NOT NULL,
  `home_status_service` varchar(10) NOT NULL,
  `home_title_team_member` varchar(255) NOT NULL,
  `home_subtitle_team_member` varchar(255) NOT NULL,
  `home_status_team_member` varchar(10) NOT NULL,
  `home_title_testimonial` varchar(255) NOT NULL,
  `home_subtitle_testimonial` varchar(255) NOT NULL,
  `home_status_testimonial` varchar(10) NOT NULL,
  `home_photo_testimonial` varchar(255) NOT NULL,
  `home_title_news` varchar(255) NOT NULL,
  `home_subtitle_news` varchar(255) NOT NULL,
  `home_status_news` varchar(10) NOT NULL,
  `home_title_partner` varchar(255) NOT NULL,
  `home_subtitle_partner` varchar(255) NOT NULL,
  `home_status_partner` varchar(10) NOT NULL,
  `mod_rewrite` varchar(10) NOT NULL,
  `newsletter_title` varchar(255) NOT NULL,
  `newsletter_text` text NOT NULL,
  `newsletter_photo` varchar(255) NOT NULL,
  `newsletter_status` varchar(10) NOT NULL,
  `banner_search` varchar(255) NOT NULL,
  `banner_category` varchar(255) NOT NULL,
  `counter_1_title` varchar(255) NOT NULL,
  `counter_1_value` varchar(10) NOT NULL,
  `counter_2_title` varchar(255) NOT NULL,
  `counter_2_value` varchar(10) NOT NULL,
  `counter_3_title` varchar(255) NOT NULL,
  `counter_3_value` varchar(10) NOT NULL,
  `counter_4_title` varchar(255) NOT NULL,
  `counter_4_value` varchar(10) NOT NULL,
  `counter_photo` varchar(255) NOT NULL,
  `counter_status` varchar(10) NOT NULL,
  `color` varchar(10) NOT NULL
) ENGINE=InnoDB DEFAULT CHARSET=latin1;

--
-- Dumping data for table `tbl_settings`
--

INSERT INTO `tbl_settings` (`id`, `logo`, `favicon`, `footer_about`, `footer_copyright`, `contact_address`, `contact_email`, `contact_phone`, `contact_fax`, `contact_map_iframe`, `receive_email`, `receive_email_subject`, `receive_email_thank_you_message`, `total_recent_news_footer`, `total_popular_news_footer`, `total_recent_news_sidebar`, `total_popular_news_sidebar`, `total_recent_news_home_page`, `meta_title_home`, `meta_keyword_home`, `meta_description_home`, `home_title_service`, `home_subtitle_service`, `home_status_service`, `home_title_team_member`, `home_subtitle_team_member`, `home_status_team_member`, `home_title_testimonial`, `home_subtitle_testimonial`, `home_status_testimonial`, `home_photo_testimonial`, `home_title_news`, `home_subtitle_news`, `home_status_news`, `home_title_partner`, `home_subtitle_partner`, `home_status_partner`, `mod_rewrite`, `newsletter_title`, `newsletter_text`, `newsletter_photo`, `newsletter_status`, `banner_search`, `banner_category`, `counter_1_title`, `counter_1_value`, `counter_2_title`, `counter_2_value`, `counter_3_title`, `counter_3_value`, `counter_4_title`, `counter_4_value`, `counter_photo`, `counter_status`, `color`) VALUES
(1, 'logo.png', 'favicon.png', '<p>Lorem ipsum dolor sit amet, omnis signiferumque in mei, mei ex enim concludaturque. Senserit salutandi euripidis no per, modus maiestatis scribentur est an.&nbsp;Ea suas pertinax has, solet officiis pericula cu pro, possit inermis qui ad. An mea tale perfecto sententiae, eos inani epicuri concludaturque ex.</p>\r\n', 'Copyright © 2018. All Rights Reserved.', 'ABC Steet, NewYork.', 'info@yourwebsite.com', '123-456-7878', '123-456-7890', '<iframe src=\"https://www.google.com/maps/embed?pb=!1m18!1m12!1m3!1d387142.84040262736!2d-74.25819605476612!3d40.70583158628177!2m3!1f0!2f0!3f0!3m2!1i1024!2i768!4f13.1!3m3!1m2!1s0x89c24fa5d33f083b%3A0xc80b8f06e177fe62!2sNew+York%2C+NY%2C+USA!5e0!3m2!1sen!2sbd!4v1485712851643\" width=\"600\" height=\"450\" frameborder=\"0\" style=\"border:0\" allowfullscreen></iframe>', 'info@yourwebsite.com', 'Visitor Email Message', 'Thank you for sending email. We will contact you shortly.', 3, 3, 4, 4, 7, 'Consultine - Consulting, Business and Finance Website CMS', 'business, insurance, finance, economics, construction, agency, agent, consultant, consultancy, marketing', 'Consultine is a nice and clean responsive website CMS', 'Our Services', 'Check Out All Our Consulting Services', 'Show', 'Team Members', 'Meet with All Our Qualified Team Members', 'Show', 'Testimonial', 'Our Happy Clients Tell About Us', 'Show', 'testimonial.jpg', 'Latest News', 'See All Our Updated and Latest News', 'Show', 'Our Partners', 'All Our Company Partners are Listed Below', 'Show', 'On', 'Newsletter', 'Lorem ipsum dolor sit amet, consectetur adipisicing elit. Aliquid fugit expedita, iure ullam cum vero ex sint aperiam maxime.', 'newsletter.jpg', 'Show', 'banner_search.jpg', 'banner_category.jpg', 'PROJECTS', '150', 'REVIEWS', '300', 'CLIENTS', '250', 'IDEAS', '500', 'counter.jpg', 'Show', '2795D0');

-- --------------------------------------------------------

--
-- Table structure for table `tbl_slider`
--

CREATE TABLE `tbl_slider` (
  `id` int(11) NOT NULL,
  `photo` varchar(255) NOT NULL,
  `heading` varchar(255) NOT NULL,
  `content` varchar(255) NOT NULL,
  `button_text` varchar(255) NOT NULL,
  `button_url` varchar(255) NOT NULL,
  `position` varchar(20) NOT NULL,
  `status` varchar(30) NOT NULL
) ENGINE=InnoDB DEFAULT CHARSET=latin1;

--
-- Dumping data for table `tbl_slider`
--

INSERT INTO `tbl_slider` (`id`, `photo`, `heading`, `content`, `button_text`, `button_url`, `position`, `status`) VALUES
(1, 'slider-1.jpg', 'We Work for Your Success in Real', 'Lorem ipsum dolor sit amet, ad vim indoctum maluisset. \r\nPosse philosophia id sed, qui ut saepe nonumes.', 'Read More', '#', 'Left', 'Active'),
(2, 'slider-2.jpg', 'We Are Number One in Business Consultancy', 'Lorem ipsum dolor sit amet, ad vim indoctum maluisset. \r\nPosse philosophia id sed, qui ut saepe nonumes.', 'Read More', '#', 'Right', 'Active');

-- --------------------------------------------------------

--
-- Table structure for table `tbl_social`
--

CREATE TABLE `tbl_social` (
  `social_id` int(11) NOT NULL,
  `social_name` varchar(30) NOT NULL,
  `social_url` varchar(255) NOT NULL,
  `social_icon` varchar(30) NOT NULL
) ENGINE=InnoDB DEFAULT CHARSET=latin1;

--
-- Dumping data for table `tbl_social`
--

INSERT INTO `tbl_social` (`social_id`, `social_name`, `social_url`, `social_icon`) VALUES
(1, 'Facebook', '#', 'fa fa-facebook'),
(2, 'Twitter', '#', 'fa fa-twitter'),
(3, 'LinkedIn', '#', 'fa fa-linkedin'),
(4, 'Google Plus', '#', 'fa fa-google-plus'),
(5, 'Pinterest', '#', 'fa fa-pinterest'),
(6, 'YouTube', '', 'fa fa-youtube'),
(7, 'Instagram', '', 'fa fa-instagram'),
(8, 'Tumblr', '', 'fa fa-tumblr'),
(9, 'Flickr', '', 'fa fa-flickr'),
(10, 'Reddit', '', 'fa fa-reddit'),
(11, 'Snapchat', '', 'fa fa-snapchat'),
(12, 'WhatsApp', '', 'fa fa-whatsapp'),
(13, 'Quora', '', 'fa fa-quora'),
(14, 'StumbleUpon', '', 'fa fa-stumbleupon'),
(15, 'Delicious', '', 'fa fa-delicious'),
(16, 'Digg', '', 'fa fa-digg');

-- --------------------------------------------------------

--
-- Table structure for table `tbl_subscriber`
--

CREATE TABLE `tbl_subscriber` (
  `subs_id` int(11) NOT NULL,
  `subs_email` varchar(255) NOT NULL,
  `subs_date` varchar(100) NOT NULL,
  `subs_date_time` varchar(100) NOT NULL,
  `subs_hash` varchar(255) NOT NULL,
  `subs_active` int(11) NOT NULL
) ENGINE=InnoDB DEFAULT CHARSET=latin1;

-- --------------------------------------------------------

--
-- Table structure for table `tbl_team_member`
--

CREATE TABLE `tbl_team_member` (
  `id` int(11) NOT NULL,
  `name` varchar(255) NOT NULL,
  `slug` varchar(255) NOT NULL,
  `designation_id` int(11) NOT NULL,
  `photo` varchar(255) NOT NULL,
  `banner` varchar(255) NOT NULL,
  `degree` varchar(255) NOT NULL,
  `detail` text NOT NULL,
  `facebook` varchar(255) NOT NULL,
  `twitter` varchar(255) NOT NULL,
  `linkedin` varchar(255) NOT NULL,
  `youtube` varchar(255) NOT NULL,
  `google_plus` varchar(255) NOT NULL,
  `instagram` varchar(255) NOT NULL,
  `flickr` varchar(255) NOT NULL,
  `address` text NOT NULL,
  `practice_location` text NOT NULL,
  `phone` varchar(100) NOT NULL,
  `email` varchar(100) NOT NULL,
  `website` varchar(100) NOT NULL,
  `status` varchar(30) NOT NULL,
  `meta_title` varchar(255) NOT NULL,
  `meta_keyword` text NOT NULL,
  `meta_description` text NOT NULL
) ENGINE=InnoDB DEFAULT CHARSET=latin1;

--
-- Dumping data for table `tbl_team_member`
--

INSERT INTO `tbl_team_member` (`id`, `name`, `slug`, `designation_id`, `photo`, `banner`, `degree`, `detail`, `facebook`, `twitter`, `linkedin`, `youtube`, `google_plus`, `instagram`, `flickr`, `address`, `practice_location`, `phone`, `email`, `website`, `status`, `meta_title`, `meta_keyword`, `meta_description`) VALUES
(1, 'Robert Smith', 'robert-smith', 5, 'team-member-1.jpg', 'team-member-banner-1.jpg', 'Master in Business Administration', '<p>Lorem ipsum dolor sit amet, habeo albucius cum ei, sit ex sint viderer conceptam. Qui an error animal qualisque, id ius choro nusquam consectetuer, mel hinc nonumes inciderint in. Eam an dolorem partiendo, no his maiestatis expetendis. Ex nominavi eloquentiam cum, at vix tota dicam, has eu dicunt molestie interpretaris. Per choro clita possit ei, sed an posse ridens, duo mazim admodum eu. In nam explicari iracundia.</p>\r\n\r\n<p>Has te consul ignota vocent. Quod brute disputationi ei vim, his invidunt omittantur te. Mucius aperiri concludaturque sed ut. Ius te quot latine vulputate. Ne his malis nonumy utroque.</p>\r\n\r\n<p>Sonet malorum invidunt nec cu, nibh possim ad duo. Eros populo euripidis ne pro, his eu probatus splendide scriptorem. Idque mazim ad vix, novum antiopam sea ut, et vim dicam urbanitas adversarium. Civibus temporibus disputationi id mei.</p>\r\n', 'http://www.facebook.com', 'http://www.twitter.com', 'http://www.linkedin.com', '', '', '', '', '588 Philadelphia Avenue\r\nSalt Lake City, UT 84116', '3446 Junior Avenue\r\nForest Park, GA 30050', '111-222-3333', 'member@yourwebsite.com', 'http://www.abc.com', 'Active', 'Robert Smith', '', ''),
(2, 'Brent Grundy', 'brent-grundy', 5, 'team-member-2.jpg', 'team-member-banner-2.jpg', 'Master in Business Administration', '<p>Lorem ipsum dolor sit amet, habeo albucius cum ei, sit ex sint viderer conceptam. Qui an error animal qualisque, id ius choro nusquam consectetuer, mel hinc nonumes inciderint in. Eam an dolorem partiendo, no his maiestatis expetendis. Ex nominavi eloquentiam cum, at vix tota dicam, has eu dicunt molestie interpretaris. Per choro clita possit ei, sed an posse ridens, duo mazim admodum eu. In nam explicari iracundia.</p>\r\n\r\n<p>Has te consul ignota vocent. Quod brute disputationi ei vim, his invidunt omittantur te. Mucius aperiri concludaturque sed ut. Ius te quot latine vulputate. Ne his malis nonumy utroque.</p>\r\n\r\n<p>Sonet malorum invidunt nec cu, nibh possim ad duo. Eros populo euripidis ne pro, his eu probatus splendide scriptorem. Idque mazim ad vix, novum antiopam sea ut, et vim dicam urbanitas adversarium. Civibus temporibus disputationi id mei.</p>\r\n', 'http://www.facebook.com', 'http://www.twitter.com', 'http://www.linkedin.com', '', '', '', '', '588 Philadelphia Avenue\r\nSalt Lake City, UT 84116', '3446 Junior Avenue\r\nForest Park, GA 30050', '111-222-3333', 'member@yourwebsite.com', 'http://www.abc.com', 'Active', 'Brent Grundy', '', ''),
(3, 'John Henderson', 'john-henderson-1', 5, 'team-member-3.jpg', 'team-member-banner-3.jpg', 'Master in Business Administration', '<p>Lorem ipsum dolor sit amet, habeo albucius cum ei, sit ex sint viderer conceptam. Qui an error animal qualisque, id ius choro nusquam consectetuer, mel hinc nonumes inciderint in. Eam an dolorem partiendo, no his maiestatis expetendis. Ex nominavi eloquentiam cum, at vix tota dicam, has eu dicunt molestie interpretaris. Per choro clita possit ei, sed an posse ridens, duo mazim admodum eu. In nam explicari iracundia.</p>\r\n\r\n<p>Has te consul ignota vocent. Quod brute disputationi ei vim, his invidunt omittantur te. Mucius aperiri concludaturque sed ut. Ius te quot latine vulputate. Ne his malis nonumy utroque.</p>\r\n\r\n<p>Sonet malorum invidunt nec cu, nibh possim ad duo. Eros populo euripidis ne pro, his eu probatus splendide scriptorem. Idque mazim ad vix, novum antiopam sea ut, et vim dicam urbanitas adversarium. Civibus temporibus disputationi id mei.</p>\r\n', 'http://www.facebook.com', 'http://www.twitter.com', 'http://www.linkedin.com', '', '', '', '', '588 Philadelphia Avenue\r\nSalt Lake City, UT 84116', '3446 Junior Avenue\r\nForest Park, GA 30050', '111-222-3333', 'member@yourwebsite.com', 'http://www.abc.com', 'Active', 'John Henderson', '', ''),
(4, 'Patrick Joe', 'patrick-joe', 5, 'team-member-4.jpg', 'team-member-banner-4.jpg', 'Master in Business Administration', '<p>Lorem ipsum dolor sit amet, habeo albucius cum ei, sit ex sint viderer conceptam. Qui an error animal qualisque, id ius choro nusquam consectetuer, mel hinc nonumes inciderint in. Eam an dolorem partiendo, no his maiestatis expetendis. Ex nominavi eloquentiam cum, at vix tota dicam, has eu dicunt molestie interpretaris. Per choro clita possit ei, sed an posse ridens, duo mazim admodum eu. In nam explicari iracundia.</p>\r\n\r\n<p>Has te consul ignota vocent. Quod brute disputationi ei vim, his invidunt omittantur te. Mucius aperiri concludaturque sed ut. Ius te quot latine vulputate. Ne his malis nonumy utroque.</p>\r\n\r\n<p>Sonet malorum invidunt nec cu, nibh possim ad duo. Eros populo euripidis ne pro, his eu probatus splendide scriptorem. Idque mazim ad vix, novum antiopam sea ut, et vim dicam urbanitas adversarium. Civibus temporibus disputationi id mei.</p>\r\n', 'http://www.facebook.com', 'http://www.twitter.com', 'http://www.linkedin.com', '', '', '', '', '588 Philadelphia Avenue\r\nSalt Lake City, UT 84116', '3446 Junior Avenue\r\nForest Park, GA 30050', '111-222-3333', 'member@yourwebsite.com', 'http://www.abc.com', 'Active', 'Patrick Joe', '', ''),
(5, 'Peter Robertson', 'peter-robertson-1', 5, 'team-member-5.jpg', 'team-member-banner-5.jpg', 'Master in Business Administration', '<p>Lorem ipsum dolor sit amet, habeo albucius cum ei, sit ex sint viderer conceptam. Qui an error animal qualisque, id ius choro nusquam consectetuer, mel hinc nonumes inciderint in. Eam an dolorem partiendo, no his maiestatis expetendis. Ex nominavi eloquentiam cum, at vix tota dicam, has eu dicunt molestie interpretaris. Per choro clita possit ei, sed an posse ridens, duo mazim admodum eu. In nam explicari iracundia.</p>\r\n\r\n<p>Has te consul ignota vocent. Quod brute disputationi ei vim, his invidunt omittantur te. Mucius aperiri concludaturque sed ut. Ius te quot latine vulputate. Ne his malis nonumy utroque.</p>\r\n\r\n<p>Sonet malorum invidunt nec cu, nibh possim ad duo. Eros populo euripidis ne pro, his eu probatus splendide scriptorem. Idque mazim ad vix, novum antiopam sea ut, et vim dicam urbanitas adversarium. Civibus temporibus disputationi id mei.</p>\r\n', 'http://www.facebook.com', 'http://www.twitter.com', 'http://www.linkedin.com', '', '', '', '', '588 Philadelphia Avenue\r\nSalt Lake City, UT 84116', '3446 Junior Avenue\r\nForest Park, GA 30050', '111-222-3333', 'member@yourwebsite.com', 'http://www.abc.com', 'Active', 'Peter Robertson', '', ''),
(6, 'Bryan Smith', 'bryan-smith-1', 5, 'team-member-6.jpg', 'team-member-banner-6.jpg', 'Master in Business Administration', '<p>Lorem ipsum dolor sit amet, habeo albucius cum ei, sit ex sint viderer conceptam. Qui an error animal qualisque, id ius choro nusquam consectetuer, mel hinc nonumes inciderint in. Eam an dolorem partiendo, no his maiestatis expetendis. Ex nominavi eloquentiam cum, at vix tota dicam, has eu dicunt molestie interpretaris. Per choro clita possit ei, sed an posse ridens, duo mazim admodum eu. In nam explicari iracundia.</p>\r\n\r\n<p>Has te consul ignota vocent. Quod brute disputationi ei vim, his invidunt omittantur te. Mucius aperiri concludaturque sed ut. Ius te quot latine vulputate. Ne his malis nonumy utroque.</p>\r\n\r\n<p>Sonet malorum invidunt nec cu, nibh possim ad duo. Eros populo euripidis ne pro, his eu probatus splendide scriptorem. Idque mazim ad vix, novum antiopam sea ut, et vim dicam urbanitas adversarium. Civibus temporibus disputationi id mei.</p>\r\n', 'http://www.facebook.com', 'http://www.twitter.com', 'http://www.linkedin.com', '', '', '', '', '588 Philadelphia Avenue\r\nSalt Lake City, UT 84116', '3446 Junior Avenue\r\nForest Park, GA 30050', '111-222-3333', 'member@yourwebsite.com', 'http://www.abc.com', 'Active', 'Bryan Smith', '', '');

-- --------------------------------------------------------

--
-- Table structure for table `tbl_testimonial`
--

CREATE TABLE `tbl_testimonial` (
  `id` int(11) NOT NULL,
  `name` varchar(255) NOT NULL,
  `designation` varchar(255) NOT NULL,
  `company` varchar(255) NOT NULL,
  `photo` varchar(255) NOT NULL,
  `comment` varchar(255) NOT NULL
) ENGINE=InnoDB DEFAULT CHARSET=latin1;

--
-- Dumping data for table `tbl_testimonial`
--

INSERT INTO `tbl_testimonial` (`id`, `name`, `designation`, `company`, `photo`, `comment`) VALUES
(1, 'John Doe', 'Managing Director', 'ABC Inc.', 'testimonial-1.jpg', 'Ancillae interpretaris ea has. Id amet impedit qui, eripuit mnesarchum percipitur in eam. Ne sit habeo inimicus, no his liber regione volutpat. Ex quot voluptaria usu, dolor vivendo docendi nec ea. Et atqui vocent integre vim, quod cibo recusabo ei usu, s'),
(2, 'Dadiv Smith', 'CEO', 'SS Multimedia', 'testimonial-2.jpg', 'Ancillae interpretaris ea has. Id amet impedit qui, eripuit mnesarchum percipitur in eam. Ne sit habeo inimicus, no his liber regione volutpat. Ex quot voluptaria usu, dolor vivendo docendi nec ea. Et atqui vocent integre vim, quod cibo recusabo ei usu, s'),
(3, 'Stefen Carman', 'Chairman', 'GH Group', 'testimonial-3.jpg', 'Ancillae interpretaris ea has. Id amet impedit qui, eripuit mnesarchum percipitur in eam. Ne sit habeo inimicus, no his liber regione volutpat. Ex quot voluptaria usu, dolor vivendo docendi nec ea. Et atqui vocent integre vim, quod cibo recusabo ei usu, s'),
(4, 'Gary Brent', 'CFO', 'XYZ It Solution', 'testimonial-4.jpg', 'Ancillae interpretaris ea has. Id amet impedit qui, eripuit mnesarchum percipitur in eam. Ne sit habeo inimicus, no his liber regione volutpat. Ex quot voluptaria usu, dolor vivendo docendi nec ea. Et atqui vocent integre vim, quod cibo recusabo ei usu, s');

-- --------------------------------------------------------

--
-- Table structure for table `tbl_user`
--

CREATE TABLE `tbl_user` (
  `id` int(10) NOT NULL,
  `email` varchar(255) NOT NULL,
  `password` varchar(255) NOT NULL,
  `photo` varchar(255) NOT NULL,
  `role` varchar(30) NOT NULL,
  `status` varchar(10) NOT NULL
) ENGINE=InnoDB DEFAULT CHARSET=latin1;

--
-- Dumping data for table `tbl_user`
--

INSERT INTO `tbl_user` (`id`, `email`, `password`, `photo`, `role`, `status`) VALUES
(1, 'admin@gmail.com', '81dc9bdb52d04dc20036dbd8313ed055', 'user-1.jpg', 'Admin', 'Active');

-- --------------------------------------------------------

--
-- Table structure for table `tbl_video`
--

CREATE TABLE `tbl_video` (
  `video_id` int(11) NOT NULL,
  `video_title` varchar(255) NOT NULL,
  `video_iframe` text NOT NULL,
  `v_category_id` int(11) NOT NULL
) ENGINE=InnoDB DEFAULT CHARSET=latin1;

--
-- Dumping data for table `tbl_video`
--

INSERT INTO `tbl_video` (`video_id`, `video_title`, `video_iframe`, `v_category_id`) VALUES
(3, 'Video 1', '<iframe width=\"560\" height=\"315\" src=\"https://www.youtube.com/embed/mJT899QyRvI\" frameborder=\"0\" allowfullscreen></iframe>', 2),
(4, 'Video 2', '<iframe width=\"560\" height=\"315\" src=\"https://www.youtube.com/embed/mhsz9nZIMoo\" frameborder=\"0\" allowfullscreen></iframe>', 1),
(5, 'Video 3', '<iframe width=\"560\" height=\"315\" src=\"https://www.youtube.com/embed/3YGamZI1ImE\" frameborder=\"0\" allowfullscreen></iframe>', 1),
(6, 'Video 4', '<iframe width=\"560\" height=\"315\" src=\"https://www.youtube.com/embed/F_eZs9iCYK8\" frameborder=\"0\" allowfullscreen></iframe>', 3),
(7, 'Video 5', '<iframe width=\"560\" height=\"315\" src=\"https://www.youtube.com/embed/JLBSbf7qFio\" frameborder=\"0\" allowfullscreen></iframe>', 3),
(8, 'Video 6', '<iframe width=\"560\" height=\"315\" src=\"https://www.youtube.com/embed/TKipMfAHVQc\" frameborder=\"0\" allowfullscreen></iframe>', 2);

--
-- Indexes for dumped tables
--

--
-- Indexes for table `tbl_category`
--
ALTER TABLE `tbl_category`
  ADD PRIMARY KEY (`category_id`);

--
-- Indexes for table `tbl_category_photo`
--
ALTER TABLE `tbl_category_photo`
  ADD PRIMARY KEY (`p_category_id`);

--
-- Indexes for table `tbl_category_video`
--
ALTER TABLE `tbl_category_video`
  ADD PRIMARY KEY (`v_category_id`);

--
-- Indexes for table `tbl_comment`
--
ALTER TABLE `tbl_comment`
  ADD PRIMARY KEY (`id`);

--
-- Indexes for table `tbl_designation`
--
ALTER TABLE `tbl_designation`
  ADD PRIMARY KEY (`designation_id`);

--
-- Indexes for table `tbl_faq`
--
ALTER TABLE `tbl_faq`
  ADD PRIMARY KEY (`faq_id`);

--
-- Indexes for table `tbl_faq_category`
--
ALTER TABLE `tbl_faq_category`
  ADD PRIMARY KEY (`faq_category_id`);

--
-- Indexes for table `tbl_file`
--
ALTER TABLE `tbl_file`
  ADD PRIMARY KEY (`file_id`);

--
-- Indexes for table `tbl_language`
--
ALTER TABLE `tbl_language`
  ADD PRIMARY KEY (`id`);

--
-- Indexes for table `tbl_menu`
--
ALTER TABLE `tbl_menu`
  ADD PRIMARY KEY (`menu_id`);

--
-- Indexes for table `tbl_news`
--
ALTER TABLE `tbl_news`
  ADD PRIMARY KEY (`news_id`);

--
-- Indexes for table `tbl_page`
--
ALTER TABLE `tbl_page`
  ADD PRIMARY KEY (`page_id`);

--
-- Indexes for table `tbl_partner`
--
ALTER TABLE `tbl_partner`
  ADD PRIMARY KEY (`id`);

--
-- Indexes for table `tbl_photo`
--
ALTER TABLE `tbl_photo`
  ADD PRIMARY KEY (`photo_id`);

--
-- Indexes for table `tbl_service`
--
ALTER TABLE `tbl_service`
  ADD PRIMARY KEY (`id`);

--
-- Indexes for table `tbl_settings`
--
ALTER TABLE `tbl_settings`
  ADD PRIMARY KEY (`id`);

--
-- Indexes for table `tbl_slider`
--
ALTER TABLE `tbl_slider`
  ADD PRIMARY KEY (`id`);

--
-- Indexes for table `tbl_social`
--
ALTER TABLE `tbl_social`
  ADD PRIMARY KEY (`social_id`);

--
-- Indexes for table `tbl_subscriber`
--
ALTER TABLE `tbl_subscriber`
  ADD PRIMARY KEY (`subs_id`);

--
-- Indexes for table `tbl_team_member`
--
ALTER TABLE `tbl_team_member`
  ADD PRIMARY KEY (`id`);

--
-- Indexes for table `tbl_testimonial`
--
ALTER TABLE `tbl_testimonial`
  ADD PRIMARY KEY (`id`);

--
-- Indexes for table `tbl_user`
--
ALTER TABLE `tbl_user`
  ADD PRIMARY KEY (`id`);

--
-- Indexes for table `tbl_video`
--
ALTER TABLE `tbl_video`
  ADD PRIMARY KEY (`video_id`);

--
-- AUTO_INCREMENT for dumped tables
--

--
-- AUTO_INCREMENT for table `tbl_category`
--
ALTER TABLE `tbl_category`
  MODIFY `category_id` int(11) NOT NULL AUTO_INCREMENT, AUTO_INCREMENT=5;

--
-- AUTO_INCREMENT for table `tbl_category_photo`
--
ALTER TABLE `tbl_category_photo`
  MODIFY `p_category_id` int(11) NOT NULL AUTO_INCREMENT, AUTO_INCREMENT=4;

--
-- AUTO_INCREMENT for table `tbl_category_video`
--
ALTER TABLE `tbl_category_video`
  MODIFY `v_category_id` int(11) NOT NULL AUTO_INCREMENT, AUTO_INCREMENT=4;

--
-- AUTO_INCREMENT for table `tbl_comment`
--
ALTER TABLE `tbl_comment`
  MODIFY `id` int(11) NOT NULL AUTO_INCREMENT, AUTO_INCREMENT=2;

--
-- AUTO_INCREMENT for table `tbl_designation`
--
ALTER TABLE `tbl_designation`
  MODIFY `designation_id` int(11) NOT NULL AUTO_INCREMENT, AUTO_INCREMENT=6;

--
-- AUTO_INCREMENT for table `tbl_faq`
--
ALTER TABLE `tbl_faq`
  MODIFY `faq_id` int(11) NOT NULL AUTO_INCREMENT, AUTO_INCREMENT=9;

--
-- AUTO_INCREMENT for table `tbl_faq_category`
--
ALTER TABLE `tbl_faq_category`
  MODIFY `faq_category_id` int(11) NOT NULL AUTO_INCREMENT, AUTO_INCREMENT=4;

--
-- AUTO_INCREMENT for table `tbl_file`
--
ALTER TABLE `tbl_file`
  MODIFY `file_id` int(11) NOT NULL AUTO_INCREMENT;

--
-- AUTO_INCREMENT for table `tbl_language`
--
ALTER TABLE `tbl_language`
  MODIFY `id` int(11) NOT NULL AUTO_INCREMENT, AUTO_INCREMENT=44;

--
-- AUTO_INCREMENT for table `tbl_menu`
--
ALTER TABLE `tbl_menu`
  MODIFY `menu_id` int(11) NOT NULL AUTO_INCREMENT, AUTO_INCREMENT=28;

--
-- AUTO_INCREMENT for table `tbl_news`
--
ALTER TABLE `tbl_news`
  MODIFY `news_id` int(11) NOT NULL AUTO_INCREMENT, AUTO_INCREMENT=12;

--
-- AUTO_INCREMENT for table `tbl_page`
--
ALTER TABLE `tbl_page`
  MODIFY `page_id` int(11) NOT NULL AUTO_INCREMENT, AUTO_INCREMENT=11;

--
-- AUTO_INCREMENT for table `tbl_partner`
--
ALTER TABLE `tbl_partner`
  MODIFY `id` int(11) NOT NULL AUTO_INCREMENT, AUTO_INCREMENT=8;

--
-- AUTO_INCREMENT for table `tbl_photo`
--
ALTER TABLE `tbl_photo`
  MODIFY `photo_id` int(11) NOT NULL AUTO_INCREMENT, AUTO_INCREMENT=20;

--
-- AUTO_INCREMENT for table `tbl_service`
--
ALTER TABLE `tbl_service`
  MODIFY `id` int(11) NOT NULL AUTO_INCREMENT, AUTO_INCREMENT=11;

--
-- AUTO_INCREMENT for table `tbl_settings`
--
ALTER TABLE `tbl_settings`
  MODIFY `id` int(11) NOT NULL AUTO_INCREMENT, AUTO_INCREMENT=2;

--
-- AUTO_INCREMENT for table `tbl_slider`
--
ALTER TABLE `tbl_slider`
  MODIFY `id` int(11) NOT NULL AUTO_INCREMENT, AUTO_INCREMENT=3;

--
-- AUTO_INCREMENT for table `tbl_social`
--
ALTER TABLE `tbl_social`
  MODIFY `social_id` int(11) NOT NULL AUTO_INCREMENT, AUTO_INCREMENT=17;

--
-- AUTO_INCREMENT for table `tbl_subscriber`
--
ALTER TABLE `tbl_subscriber`
  MODIFY `subs_id` int(11) NOT NULL AUTO_INCREMENT, AUTO_INCREMENT=3;

--
-- AUTO_INCREMENT for table `tbl_team_member`
--
ALTER TABLE `tbl_team_member`
  MODIFY `id` int(11) NOT NULL AUTO_INCREMENT, AUTO_INCREMENT=7;

--
-- AUTO_INCREMENT for table `tbl_testimonial`
--
ALTER TABLE `tbl_testimonial`
  MODIFY `id` int(11) NOT NULL AUTO_INCREMENT, AUTO_INCREMENT=5;

--
-- AUTO_INCREMENT for table `tbl_user`
--
ALTER TABLE `tbl_user`
  MODIFY `id` int(10) NOT NULL AUTO_INCREMENT, AUTO_INCREMENT=2;

--
-- AUTO_INCREMENT for table `tbl_video`
--
ALTER TABLE `tbl_video`
  MODIFY `video_id` int(11) NOT NULL AUTO_INCREMENT, AUTO_INCREMENT=9;
COMMIT;

/*!40101 SET CHARACTER_SET_CLIENT=@OLD_CHARACTER_SET_CLIENT */;
/*!40101 SET CHARACTER_SET_RESULTS=@OLD_CHARACTER_SET_RESULTS */;
/*!40101 SET COLLATION_CONNECTION=@OLD_COLLATION_CONNECTION */;
